Date,rstar,g,z,output gap,real rate gap,fed results,,All results are output from the Stage 3 model.,,,,,,,,,,,,,,,Standard Errors,Date,y*,r*,g
1/1/1961,5.369448091,5.051193451,0.00739622,-3.928075552,-3.645135889,5.468562629,,Parameter Point Estimates,,,,,,,,,,,,,,,,,,,
4/1/1961,5.639172664,5.297870506,0.015262842,-3.72120087,-3.863848317,5.695237634,,a_y1,a_y2,a_r,b_pi,b_y,sigma_ygap,sigma_pi,sigma_ystar,phi,c,kappa2020Q2-Q4,kappa2021,kappa2022,a_y1 + a_y2,,,,,,
7/1/1961,5.53917194,5.201166193,0.017917767,-2.985071426,-3.807269334,5.598410609,,1.452326526,-0.516632098,-0.063299864,0.692407041,0.085138531,0.439795912,0.829192896,0.513047362,-0.132198513,1.061541579,6.041605471,1.880572424,2.389887023,0.935694427,,,,,,
10/1/1961,5.493348051,5.161286816,0.014427495,-2.302102218,-3.672052547,5.564850946,,,,,,,,,,,,,,,,,,,,,
1/1/1962,5.279122788,4.957806297,0.016205263,-1.431688959,-3.659040056,5.373550434,,,,,,,,,,,,,,,,,,,,,
4/1/1962,4.73532275,4.453777109,0.007453165,-0.757964828,-3.172864867,4.836682097,,,,,,,,,,,,,,,,,,,,,
7/1/1962,4.620370984,4.349334695,0.003371365,-0.426902646,-2.950500608,4.724644037,,,,,,,,,,,,,,,,,,,,,
10/1/1962,4.182177528,3.953729498,-0.014870725,-0.262325219,-2.46000105,4.27379954,,,,,,,,,,,,,,,,,,,,,
1/1/1963,4.163259428,3.93024854,-0.008862812,-0.069455216,-2.401473455,4.258196005,,,,,,,,,,,0.994532409,,,,,,,,,,
4/1/1963,4.128335226,3.894109637,-0.005424066,0.189016641,-2.359737059,4.225529538,,,,,,,,,,,,,,,,,,,,,
7/1/1963,4.434819371,4.172121263,0.005939177,0.549412501,-2.30999683,4.55195115,,,,,,,,,,,,,,,,,,,,,
10/1/1963,4.170558847,3.921477697,0.007747221,1.021810621,-2.256975005,4.282235465,,,,,,,,,,,,,,,,,,,,,
1/1/1964,4.451159187,4.181004678,0.01284888,1.218123537,-2.631423878,4.585086376,,,,,,,,,,,,,,,,,,,,,
4/1/1964,4.372155604,4.123601575,-0.005218922,1.397219504,-2.469682709,4.502513095,,,,,,,,,,,,,,,,,,,,,
7/1/1964,4.460547072,4.212763978,-0.011477053,1.541438213,-2.449717766,4.601071646,,,,,,,,,,,,,,,,,,,,,
10/1/1964,4.22846924,4.013079709,-0.031581731,1.532122972,-1.781668368,4.348929825,,,,,,,,,,,,,,,,,,,,,
1/1/1965,4.566487796,4.310116145,-0.008879701,1.754250395,-1.802389437,4.725019595,,,,,,,,,,,,,,,,,,,,,
4/1/1965,4.537218268,4.292445502,-0.019391108,1.969591653,-1.684065227,4.696381588,,,,,,,,,,,,,,,,,,,,,
7/1/1965,4.756708864,4.493951287,-0.013807281,2.215872731,-1.939099468,4.947055757,,Signal-to-noise Ratios,,,,Log Likelihood,,,,,,,,,,,,,,,
10/1/1965,4.94239729,4.663002174,-0.007573401,2.619276284,-2.112440824,5.161980728,,lambda_g,0.053167424,,,-614.4554739,,,,,,,,,,,,,,,
1/1/1966,5.136834615,4.820613858,0.019552569,3.21728231,-2.038795422,5.388062843,,lambda_z,0.018731348,,,,,,,,,,,,,,,,,,
4/1/1966,4.911811875,4.578086095,0.051983134,3.619856189,-1.972428862,5.131316453,,,,,,,,,,,,,,,,,,,,,
7/1/1966,4.900637789,4.558149035,0.061973066,3.448932248,-1.988546133,5.116349992,,,,,,,,,,,,,,,,,,,,,
10/1/1966,4.885958934,4.537272992,0.069454998,3.253861086,-2.361794572,5.096088036,,State vector: [y_{t}* y_{t-1}* y_{t-2}* g_{t} g_{t-1} g_{t-2} z_{t} z_{t-1} z_{t-2}],,,,,,,,,,,,,,,,,,,
1/1/1967,4.856171638,4.564042379,0.011250885,2.678882352,-3.122321864,5.063066113,,Initial State Vector,,,,,,,,,,,,,,,,,,,
4/1/1967,4.671189594,4.405902294,-0.005858884,2.341287866,-3.622680927,4.842518473,,818.3241166,817.1633261,816.00263,1.160790501,1.160696108,1.160648899,0,0,0,,,,,,,,,,,
7/1/1967,4.697828506,4.401206538,0.025764768,2.30432891,-3.831076203,4.86524626,,,,,,,,,,,,,,,,,,,,,
10/1/1967,4.646087442,4.335441323,0.043836215,2.34829219,-3.648392282,4.796853284,,Initial Covariance Matrix,,,,,,,,,,,,,,,,,,,
1/1/1968,4.837023827,4.47004014,0.091890359,2.731561348,-3.827461205,5.016866998,,0.662435884,0.2,0,0.2,0.2,0,0,0,0,,,,,,,,,,,
4/1/1968,4.889604596,4.505941408,0.106360439,3.126422138,-3.194299283,5.078479119,,0.2,0.2,0,0,0,0,0,0,0,,,,,,,,,,,
7/1/1968,4.775207984,4.419514723,0.083709346,3.158624082,-3.332881638,4.94536228,,0,0,0.2,0,0,0,0,0,0,,,,,,,,,,,
10/1/1968,4.646761261,4.311615443,0.069802196,2.974625135,-3.394457328,4.794062551,,0.2,0,0,0.200741847,0.2,0,0,0,0,,,,,,,,,,,
1/1/1969,4.744822598,4.420940316,0.051810635,2.819537393,-2.793616739,4.919216167,,0.2,0,0,0.2,0.2,0,0,0,0,,,,,,,,,,,
4/1/1969,4.588058178,4.280448375,0.044184253,2.742932549,-0.911604459,4.730280359,,0,0,0,0,0,0.2,0,0,0,,,,,,,,,,,
7/1/1969,4.543735317,4.258690579,0.022958196,2.388835155,-0.2477691,4.684905568,,0,0,0,0,0,0,0.216986093,0.2,0,,,,,,,,,,,
10/1/1969,4.309874794,4.064792598,-0.005071558,1.797029782,-0.068113754,4.41042971,,0,0,0,0,0,0,0.2,0.2,0,,,,,,,,,,,
1/1/1970,4.18250333,3.981128144,-0.043629726,0.978809099,-0.303406909,4.269062326,,0,0,0,0,0,0,0,0,0.2,,,,,,,,,,,
4/1/1970,4.11546699,3.924941064,-0.051021144,0.408002136,-0.855485179,4.19466209,,,,,,,,,,,,,,,,,,,,,
7/1/1970,4.157921064,3.967760358,-0.054021531,0.105666494,-2.035323899,4.254491104,,,,,,,,,,,,,,,,,,,,,
10/1/1970,3.839465692,3.63195934,-0.016010161,-0.055721259,-3.095936691,3.85362523,,,,,,,,,,,,,,,,,,,,,
1/1/1971,4.209059099,3.955558491,0.010069294,0.032685258,-5.359977513,4.312064371,,,,,,,,,,,,,,,,,,,,,
4/1/1971,4.00105649,3.806718354,-0.039933322,0.265464743,-4.451356476,4.068674531,,,,,,,,,,,,,,,,,,,,,
7/1/1971,3.868995957,3.754153332,-0.116193898,0.232601191,-3.234031399,3.927057486,,,,,,,,,,,,,,,,,,,,,
10/1/1971,3.598321929,3.644009281,-0.269945437,-0.242374812,-2.831690414,3.635447721,,,,,,,,,,,,,,,,,,,,,
1/1/1972,3.784363472,3.744072708,-0.190125382,0.313073847,-3.902873946,3.853965404,,,,,,,,,,,,,,,,,,,,,
4/1/1972,3.885400779,3.896604899,-0.251007338,0.651056062,-2.773444914,4.005960782,,,,,,,,,,,,,,,,,,,,,
7/1/1972,3.773839336,3.799027782,-0.258986614,1.127990113,-2.023024309,3.875401561,,,,,,,,,,,,,,,,,,,,,
10/1/1972,3.828447504,3.881954135,-0.292408218,1.312166178,-1.732169845,3.962938163,,,,,,,,,,,,,,,,,,,,,
1/1/1973,4.042846449,4.063563175,-0.27079482,1.848356929,-0.287833315,4.234867624,,,,,,,,,,,,,,,,,,,,,
4/1/1973,4.129150201,3.963990372,-0.078790397,2.884407987,0.199068932,4.295627444,,,,,,,,,,,,,,,,,,,,,
7/1/1973,3.892564987,3.735884384,-0.07323162,2.618518854,2.583529222,4.004744656,,,,,,,,,,,,,,,,,,,,,
10/1/1973,4.042827318,3.820753176,-0.013061041,2.29909507,1.082091593,4.188993899,,,,,,,,,,,,,,,,,,,,,
1/1/1974,3.880150632,3.582816115,0.076842356,1.96846812,-0.485877921,3.967058993,,,,,,,,,,,,,,,,,,,,,
4/1/1974,4.098145995,3.515484825,0.366312683,2.295090089,0.033690447,4.154678341,,,,,,,,,,,,,,,,,,,,,
7/1/1974,4.018883951,3.257300548,0.561123984,2.282987618,-0.674009869,3.995143267,,,,,,,,,,,,,,,,,,,,,
10/1/1974,3.885172272,3.195421488,0.4930995,1.273414716,-4.396469424,3.867329302,,,,,,,,,,,,,,,,,,,,,
1/1/1975,3.461137905,2.996201964,0.280544941,-0.108617247,-7.265597923,3.4138985,,,,,,,,,,,,,,,,,,,,,
4/1/1975,3.326895667,3.078949848,0.058462384,-1.052801332,-6.99486824,3.325819814,,,,,,,,,,,,,,,,,,,,,
7/1/1975,3.338236176,3.175612845,-0.032808898,-0.83697503,-4.817522655,3.375428701,,,,,,,,,,,,,,,,,,,,,
10/1/1975,3.296519889,3.141586973,-0.038405306,-0.119059025,-4.657444929,3.336280274,,,,,,,,,,,,,,,,,,,,,
1/1/1976,3.40723382,3.269519043,-0.063496588,0.574026784,-4.897981503,3.496208296,,,,,,,,,,,,,,,,,,,,,
4/1/1976,3.15121898,3.168137008,-0.211890182,0.743213056,-3.934208685,3.23252657,,,,,,,,,,,,,,,,,,,,,
7/1/1976,3.097968556,3.04603592,-0.135525224,1.311834389,-3.863629435,3.147446422,,,,,,,,,,,,,,,,,,,,,
10/1/1976,3.051958949,3.005724588,-0.138742676,1.483195082,-4.16062197,3.101668662,,,,,,,,,,,,,,,,,,,,,
1/1/1977,3.130020598,3.026789138,-0.083041922,1.904865243,-4.62330391,3.188433245,,,,,,,,,,,,,,,,,,,,,
4/1/1977,3.249323805,3.164356918,-0.109772634,2.272016522,-4.587775066,3.357582645,,,,,,,,,,,,,,,,,,,,,
7/1/1977,3.357919678,3.230883982,-0.071798005,2.979237931,-4.134849474,3.489497974,,,,,,,,,,,,,,,,,,,,,
10/1/1977,3.04824651,3.062951056,-0.203203391,2.835981259,-3.01458337,3.153790704,,,,,,,,,,,,,,,,,,,,,
1/1/1978,2.969153193,2.999807286,-0.215266969,2.709921861,-2.563304202,3.06649594,,,,,,,,,,,,,,,,,,,,,
4/1/1978,3.584240376,3.460695558,-0.089431851,3.483850307,-2.858678365,3.809994122,,,,,,,,,,,,,,,,,,,,,
7/1/1978,3.481036212,3.386974646,-0.114378202,3.973397211,-1.993903158,3.69808489,,,,,,,,,,,,,,,,,,,,,
10/1/1978,3.564025521,3.439946357,-0.087620566,4.22367393,-0.952257095,3.806937429,,,,,,,,,,,,,,,,,,,,,
1/1/1979,3.288714124,3.385217202,-0.30483469,3.43975344,0.015635785,3.543974246,,,,,,,,,,,,,,,,,,,,,
4/1/1979,3.435597085,3.271346097,-0.037072816,3.809772521,-0.526483228,3.644412718,,,,,,,,,,,,,,,,,,,,,
7/1/1979,3.427869591,3.357872521,-0.136651707,3.080421341,0.111109475,3.677542377,,,,,,,,,,,,,,,,,,,,,
10/1/1979,3.44972252,3.303542109,-0.057124786,2.929975278,2.411183934,3.689639833,,,,,,,,,,,,,,,,,,,,,
1/1/1980,3.583530179,3.266869003,0.1156129,2.92882664,2.604099348,3.808793491,,,,,,,,,,,,,,,,,,,,,
4/1/1980,3.108739331,2.937743289,-0.009797318,1.592582712,0.677882532,3.273926196,,,,,,,,,,,,,,,,,,,,,
7/1/1980,3.145772011,2.970860202,-0.007919618,0.562739023,-2.613833654,3.33387447,,,,,,,,,,,,,,,,,,,,,
10/1/1980,3.506785999,3.189520312,0.120977571,0.70931098,2.667094234,3.755949726,,,,,,,,,,,,,,,,,,,,,
1/1/1981,3.633243181,3.364767097,0.061403004,0.795674728,3.50138602,3.951820376,,,,,,,,,,,,,,,,,,,,,
4/1/1981,3.19526208,3.154441713,-0.153308957,-0.024949867,5.518684142,3.504879038,,,,,,,,,,,,,,,,,,,,,
7/1/1981,3.32801851,3.327622342,-0.204390965,-0.652689049,5.591293801,3.718920514,,,,,,,,,,,,,,,,,,,,,
10/1/1981,2.986334898,3.113013785,-0.31825867,-1.613539515,2.642929065,3.360934082,,,,,,,,,,,,,,,,,,,,,
1/1/1982,2.558628244,2.903297935,-0.52334323,-3.17491205,4.508060897,2.90997569,,,,,,,,,,,,,,,,,,,,,
4/1/1982,2.595288632,2.99524163,-0.584284898,-4.049832846,5.321679782,2.984100256,,,,,,,,,,,,,,,,,,,,,
7/1/1982,2.531822086,2.855765562,-0.499691798,-4.279261802,2.129592496,2.882512809,,,,,,,,,,,,,,,,,,,,,
10/1/1982,2.428206488,2.812553618,-0.557436121,-4.817545867,0.917989873,2.779711778,,,,,,,,,,,,,,,,,,,,,
1/1/1983,2.546258459,2.909281445,-0.54206476,-4.710192304,0.323322531,2.919934457,,,,,,,,,,,,,,,,,,,,,
4/1/1983,2.570128822,3.12136796,-0.743333051,-4.680107328,1.055951335,3.01464195,,,,,,,,,,,,,,,,,,,,,
7/1/1983,2.903588256,3.133604337,-0.42286304,-3.00550396,1.466274007,3.323234748,,,,,,,,,,,,,,,,,,,,,
10/1/1983,2.819799889,3.28330816,-0.66556824,-2.945424849,2.13220899,3.302999639,,,,,,,,,,,,,,,,,,,,,
1/1/1984,2.982579555,3.355058168,-0.578954191,-2.074163649,2.540288333,3.479423599,,,,,,,,,,,,,,,,,,,,,
4/1/1984,3.146946183,3.407262945,-0.470005103,-1.300867745,2.828356431,3.651894815,,,,,,,,,,,,,,,,,,,,,
7/1/1984,3.049724055,3.404728415,-0.564536723,-1.33713275,4.36171591,3.560773308,,,,,,,,,,,,,,,,,,,,,
10/1/1984,2.968620372,3.426803694,-0.669074231,-1.664312912,2.409984215,3.495075126,,,,,,,,,,,,,,,,,,,,,
1/1/1985,3.245278084,3.409614017,-0.374168964,-0.975155038,0.976363799,3.740392522,,,,,,,,,,,,,,,,,,,,,
4/1/1985,3.120965316,3.452018868,-0.543496243,-1.460394707,0.860217628,3.634951065,,,,,,,,,,,,,,,,,,,,,
7/1/1985,3.297673642,3.532478563,-0.45219923,-1.093865986,0.569336501,3.815553234,,,,,,,,,,,,,,,,,,,,,
10/1/1985,3.125810163,3.507514715,-0.597562546,-1.339290949,0.938858018,3.639517856,,,,,,,,,,,,,,,,,,,,,
1/1/1986,3.237059333,3.482315934,-0.459563822,-0.924470049,0.845840166,3.72401459,,,,,,,,,,,,,,,,,,,,,
4/1/1986,3.025747556,3.442505653,-0.62861533,-1.405450327,0.336298572,3.505396406,,,,,,,,,,,,,,,,,,,,,
7/1/1986,3.031118695,3.466769437,-0.649001206,-1.478666402,-0.033368327,3.508643117,,,,,,,,,,,,,,,,,,,,,
10/1/1986,2.997655652,3.392689751,-0.603825583,-1.335483318,-0.039221045,3.443633825,,,,,,,,,,,,,,,,,,,,,
1/1/1987,2.907019913,3.384910064,-0.68620286,-1.535510523,0.462687821,3.347314432,,,,,,,,,,,,,,,,,,,,,
4/1/1987,3.077479898,3.377822278,-0.508218896,-0.984007404,0.429849919,3.495164226,,,,,,,,,,,,,,,,,,,,,
7/1/1987,3.070410985,3.361778631,-0.49825681,-0.862021634,0.416275258,3.477177679,,,,,,,,,,,,,,,,,,,,,
10/1/1987,3.290331602,3.465722671,-0.388677114,-0.387921282,0.062051078,3.716575987,,,,,,,,,,,,,,,,,,,,,
1/1/1988,3.185000458,3.377003553,-0.399829225,-0.275651442,-0.425578058,3.586037885,,,,,,,,,,,,,,,,,,,,,
4/1/1988,3.378010016,3.421025611,-0.253550912,0.180301213,-0.374340381,3.776335453,,,,,,,,,,,,,,,,,,,,,
7/1/1988,3.308172965,3.35995976,-0.258564023,0.23236751,0.258229061,3.687504525,,,,,,,,,,,,,,,,,,,,,
10/1/1988,3.401736187,3.439259195,-0.249180449,0.301061307,0.54716108,3.804517185,,,,,,,,,,,,,,,,,,,,,
1/1/1989,3.406211067,3.455651987,-0.262107199,0.343171492,1.385636699,3.81533839,,,,,,,,,,,,,,,,,,,,,
4/1/1989,3.301721361,3.463966764,-0.375423387,0.015276553,2.085425388,3.725184547,,,,,,,,,,,,,,,,,,,,,
7/1/1989,3.205577959,3.487755741,-0.496819777,-0.433118409,1.957527022,3.647714719,,,,,,,,,,,,,,,,,,,,,
10/1/1989,3.149392899,3.404825396,-0.464970827,-0.608647715,1.751690545,3.571995488,,,,,,,,,,,,,,,,,,,,,
1/1/1990,3.357217802,3.46004034,-0.315758884,-0.437833196,1.118314931,3.784362333,,,,,,,,,,,,,,,,,,,,,
4/1/1990,3.306376313,3.391439125,-0.293777331,-0.534269565,0.948727683,3.714048077,,,,,,,,,,,,,,,,,,,,,
7/1/1990,3.173481808,3.304530485,-0.334414701,-0.908110319,0.724834449,3.559146467,,,,,,,,,,,,,,,,,,,,,
10/1/1990,2.813197249,3.094618215,-0.471868657,-1.725753096,0.746295737,3.153360974,,,,,,,,,,,,,,,,,,,,,
1/1/1991,2.659428424,2.971178571,-0.494601167,-2.334892857,-0.144526965,2.964839504,,,,,,,,,,,,,,,,,,,,,
4/1/1991,2.675280398,3.027525575,-0.538563882,-2.67474989,-0.367527054,2.998035499,,,,,,,,,,,,,,,,,,,,,
7/1/1991,2.668068856,2.959418122,-0.473476529,-2.457428276,-0.466957624,2.965105894,,,,,,,,,,,,,,,,,,,,,
10/1/1991,2.545072597,2.881248524,-0.51349251,-2.487746699,-1.116453548,2.827794241,,,,,,,,,,,,,,,,,,,,,
1/1/1992,2.608468508,2.926656823,-0.498299396,-2.240478483,-1.847870315,2.903090168,,,,,,,,,,,,,,,,,,,,,
4/1/1992,2.586082701,2.922209533,-0.51596422,-1.896853713,-2.012264558,2.883015864,,,,,,,,,,,,,,,,,,,,,
7/1/1992,2.502641155,2.904714053,-0.580833586,-1.649342785,-2.127210759,2.800741572,,,,,,,,,,,,,,,,,,,,,
10/1/1992,2.539002547,2.877445255,-0.515525233,-1.089800157,-2.328329543,2.82884063,,,,,,,,,,,,,,,,,,,,,
1/1/1993,2.354360872,2.735577266,-0.549568138,-0.925972211,-2.062879987,2.611172439,,,,,,,,,,,,,,,,,,,,,
4/1/1993,2.342995082,2.685198361,-0.507454626,-0.691810235,-2.146012284,2.586381288,,,,,,,,,,,,,,,,,,,,,
7/1/1993,2.195156651,2.640295295,-0.607626585,-0.797241059,-1.90428915,2.435408423,,,,,,,,,,,,,,,,,,,,,
10/1/1993,2.25477029,2.722745072,-0.635536813,-0.595735818,-1.811343856,2.524060019,,,,,,,,,,,,,,,,,,,,,
1/1/1994,2.194547057,2.718443125,-0.69119335,-0.372431008,-1.287945664,2.472505337,,,,,,,,,,,,,,,,,,,,,
4/1/1994,2.347374981,2.757918182,-0.58026984,0.249338109,-0.626058065,2.634510654,,,,,,,,,,,,,,,,,,,,,
7/1/1994,2.240463861,2.705514724,-0.631552512,0.348547169,0.028311432,2.524733024,,,,,,,,,,,,,,,,,,,,,
10/1/1994,2.294325991,2.772055299,-0.648325967,0.425226854,0.660793772,2.606125717,,,,,,,,,,,,,,,,,,,,,
1/1/1995,2.211124936,2.711207546,-0.666934603,0.387745127,1.3160084,2.516432575,,,,,,,,,,,,,,,,,,,,,
4/1/1995,2.187439938,2.672573876,-0.649608354,0.24339677,1.630357391,2.489041272,,,,,,,,,,,,,,,,,,,,,
7/1/1995,2.219998069,2.744520502,-0.693424558,-0.033752299,1.457320785,2.55079891,,,,,,,,,,,,,,,,,,,,,
10/1/1995,2.243631071,2.760604746,-0.68686565,-0.120303949,1.363821113,2.587035602,,,,,,,,,,,,,,,,,,,,,
1/1/1996,2.223367714,2.796938141,-0.745698416,-0.34992251,1.160124548,2.585843798,,,,,,,,,,,,,,,,,,,,,
4/1/1996,2.443376069,2.946428366,-0.684380151,-0.112214364,0.940269287,2.846688993,,,,,,,,,,,,,,,,,,,,,
7/1/1996,2.439548987,2.948594411,-0.69050658,0.023243619,1.028276349,2.847191719,,,,,,,,,,,,,,,,,,,,,
10/1/1996,2.545807745,2.980203488,-0.617802172,0.257368442,0.826366414,2.96228651,,,,,,,,,,,,,,,,,,,,,
1/1/1997,2.459422558,2.977924663,-0.701768291,0.041734541,0.909741059,2.882007491,,,,,,,,,,,,,,,,,,,,,
4/1/1997,2.69315364,3.116928793,-0.615595873,0.32528861,0.875712196,3.147482455,,,,,,,,,,,,,,,,,,,,,
7/1/1997,2.627480621,3.193742013,-0.762809318,0.149879581,1.176383685,3.110447572,,,,,,,,,,,,,,,,,,,,,
10/1/1997,2.624529074,3.19178264,-0.763680908,0.210985824,1.408855023,3.107142229,,,,,,,,,,,,,,,,,,,,,
1/1/1998,2.653360725,3.23566671,-0.781434023,0.147503159,1.492582839,3.146491063,,,,,,,,,,,,,,,,,,,,,
4/1/1998,2.6834669,3.264126111,-0.781538686,0.105712522,1.660689262,3.181580043,,,,,,,,,,,,,,,,,,,,,
7/1/1998,2.811225773,3.338906735,-0.733162554,0.208039226,1.44371517,3.32234116,,,,,,,,,,,,,,,,,,,,,
10/1/1998,2.951460733,3.459898393,-0.721365269,0.331996484,0.627703934,3.490879273,,,,,,,,,,,,,,,,,,,,,
1/1/1999,2.912899295,3.464383786,-0.764688138,0.313141555,0.583874423,3.45038686,,,,,,,,,,,,,,,,,,,,,
4/1/1999,2.941338141,3.455921514,-0.72726624,0.379936265,0.527462351,3.467018498,,,,,,,,,,,,,,,,,,,,,
7/1/1999,3.053810384,3.531992825,-0.695546856,0.468358714,0.748285654,3.588958477,,,,,,,,,,,,,,,,,,,,,
10/1/1999,3.246036111,3.629980936,-0.607339583,0.813258542,0.616060258,3.796076143,,,,,,,,,,,,,,,,,,,,,
1/1/2000,3.163819672,3.52774964,-0.581033251,0.860683413,0.791785758,3.678093576,,,,,,,,,,,,,,,,,,,,,
4/1/2000,3.306154314,3.710042228,-0.63220977,0.720361722,1.244357954,3.863705591,,,,,,,,,,,,,,,,,,,,,
7/1/2000,3.17935282,3.571281602,-0.61171109,0.67665288,1.502096909,3.691130143,,,,,,,,,,,,,,,,,,,,,
10/1/2000,3.186753528,3.57273394,-0.6058521,0.379919267,1.422847991,3.693152757,,,,,,,,,,,,,,,,,,,,,
1/1/2001,3.082887717,3.416780927,-0.544167303,0.094392458,0.518383585,3.536527729,,,,,,,,,,,,,,,,,,,,,
4/1/2001,3.020213192,3.466409628,-0.659524758,-0.576815656,-0.715123851,3.485592268,,,,,,,,,,,,,,,,,,,,,
7/1/2001,2.72671335,3.312054096,-0.789169784,-1.200754992,-1.024776858,3.149884616,,,,,,,,,,,,,,,,,,,,,
10/1/2001,2.744568874,3.24512875,-0.700270222,-1.260502888,-2.393129132,3.130463275,,,,,,,,,,,,,,,,,,,,,
1/1/2002,2.684507264,3.260523131,-0.776673608,-1.435148168,-2.384992725,3.069142656,,,,,,,,,,,,,,,,,,,,,
4/1/2002,2.720748325,3.16991255,-0.644245649,-0.95324259,-2.579123264,3.065594437,,,,,,,,,,,,,,,,,,,,,
7/1/2002,2.631920823,3.0703131,-0.627344192,-0.775732941,-2.778911923,2.942698734,,,,,,,,,,,,,,,,,,,,,
10/1/2002,2.405438151,2.957773795,-0.734361713,-0.968125232,-2.720360296,2.689388342,,,,,,,,,,,,,,,,,,,,,
1/1/2003,2.309584982,2.911391982,-0.780978659,-0.999821632,-2.819380435,2.579818839,,,,,,,,,,,,,,,,,,,,,
4/1/2003,2.314913885,2.89728899,-0.760678844,-0.73968711,-2.654475602,2.578439989,,,,,,,,,,,,,,,,,,,,,
7/1/2003,2.473931977,2.979352195,-0.688774256,-0.153070832,-2.966649811,2.75509478,,,,,,,,,,,,,,,,,,,,,
10/1/2003,2.469974561,2.963367659,-0.675763422,0.361818634,-3.076405048,2.750147729,,,,,,,,,,,,,,,,,,,,,
1/1/2004,2.41490039,2.86618971,-0.62767916,0.782920054,-3.259464082,2.669659479,,,,,,,,,,,,,,,,,,,,,
4/1/2004,2.403796609,2.837507552,-0.608335638,1.02206317,-3.436817156,2.652501597,,,,,,,,,,,,,,,,,,,,,
7/1/2004,2.304041317,2.858755248,-0.730646243,0.962212854,-2.812798829,2.566725772,,,,,,,,,,,,,,,,,,,,,
10/1/2004,2.369152016,2.855696654,-0.662288719,1.379410645,-2.456748591,2.630804212,,,,,,,,,,,,,,,,,,,,,
1/1/2005,2.47848571,2.866326854,-0.564239424,1.854945308,-2.210641477,2.741661826,,,,,,,,,,,,,,,,,,,,,
4/1/2005,2.307101879,2.82254438,-0.689146338,1.683809016,-1.488637026,2.570580924,,,,,,,,,,,,,,,,,,,,,
7/1/2005,2.244871468,2.847464811,-0.777830823,1.494097521,-0.941693507,2.523264794,,,,,,,,,,,,,,,,,,,,,
10/1/2005,2.308005747,2.806821475,-0.671551953,1.711868139,-0.613433519,2.575531371,,,,,,,,,,,,,,,,,,,,,
1/1/2006,2.407179596,2.923633883,-0.696379332,1.677740583,-0.100761498,2.713063254,,,,,,,,,,,,,,,,,,,,,
4/1/2006,2.409130695,2.828619267,-0.593566268,1.870084375,0.04015015,2.688837919,,,,,,,,,,,,,,,,,,,,,
7/1/2006,2.234405251,2.798535958,-0.736357029,1.266944814,0.403747522,2.52003592,,,,,,,,,,,,,,,,,,,,,
10/1/2006,2.232049132,2.881970058,-0.827281914,0.838479924,0.647736049,2.550436671,,,,,,,,,,,,,,,,,,,,,
1/1/2007,2.265181133,2.822699406,-0.731231651,0.87956412,0.512035924,2.565630286,,,,,,,,,,,,,,,,,,,,,
4/1/2007,2.160844112,2.866701124,-0.882278325,0.325059592,0.997082347,2.48666312,,,,,,,,,,,,,,,,,,,,,
7/1/2007,2.176794858,2.866698924,-0.866325244,0.206045038,0.852785368,2.50391749,,,,,,,,,,,,,,,,,,,,,
10/1/2007,2.282781112,2.857873602,-0.750970543,0.331656445,-0.09494979,2.606133853,,,,,,,,,,,,,,,,,,,,,
1/1/2008,2.023505011,2.714539828,-0.858091884,-0.190567415,-0.992695221,2.317091968,,,,,,,,,,,,,,,,,,,,,
4/1/2008,2.00370401,2.750241397,-0.915791585,-0.552920063,-2.066816531,2.308070415,,,,,,,,,,,,,,,,,,,,,
7/1/2008,1.790364666,2.558246612,-0.925320482,-0.74146195,-2.019794606,2.041778948,,,,,,,,,,,,,,,,,,,,,
10/1/2008,0.971517422,2.202075796,-1.366077595,-2.307635855,-1.856983482,1.147245311,,,,,,,,,,,,,,,,,,,,,
1/1/2009,0.708700193,2.021284181,-1.436977008,-3.123831986,-1.382634921,0.835195042,,,,,,,,,,,,,,,,,,,,,
4/1/2009,0.80480386,1.919087441,-1.232387252,-2.956997243,-1.45315968,0.893781336,,,,,,,,,,,,,,,,,,,,,
7/1/2009,0.819392503,1.881839914,-1.17825881,-2.805805535,-1.33349746,0.900186047,,,,,,,,,,,,,,,,,,,,,
10/1/2009,1.088797943,1.896520958,-0.924437909,-1.911653485,-2.347065439,1.171169255,,,,,,,,,,,,,,,,,,,,,
1/1/2010,0.938847802,1.840931473,-1.015377501,-1.733630551,-2.528762485,1.02375569,,,,,,,,,,,,,,,,,,,,,
4/1/2010,0.924142816,1.863776,-1.054332902,-1.411203845,-2.330712001,1.028133949,,,,,,,,,,,,,,,,,,,,,
7/1/2010,0.822277769,1.851043678,-1.142682059,-1.168384331,-2.032937462,0.938480245,,,,,,,,,,,,,,,,,,,,,
10/1/2010,0.80777626,1.78838699,-1.09067089,-0.692670283,-1.707224852,0.917626701,,,,,,,,,,,,,,,,,,,,,
1/1/2011,0.697707054,1.628079694,-1.030567236,-0.422102274,-1.725220018,0.774958883,,,,,,,,,,,,,,,,,,,,,
4/1/2011,0.846076106,1.63988081,-0.894725558,-0.021640466,-2.256349975,0.931572193,,,,,,,,,,,,,,,,,,,,,
7/1/2011,0.701640252,1.54803592,-0.941664242,-0.024741859,-2.427371383,0.77648373,,,,,,,,,,,,,,,,,,,,,
10/1/2011,0.773665434,1.650338592,-0.978237601,0.098138343,-2.550107485,0.888810054,,,,,,,,,,,,,,,,,,,,,
1/1/2012,0.903172109,1.639170336,-0.836875358,0.786002002,-2.844829489,1.018934338,,,,,,,,,,,,,,,,,,,,,
4/1/2012,0.755391513,1.613432502,-0.957334172,0.786357426,-2.47326134,0.882062817,,,,,,,,,,,,,,,,,,,,,
7/1/2012,0.582906871,1.558011478,-1.070987093,0.66234437,-2.141313892,0.710272581,,,,,,,,,,,,,,,,,,,,,
10/1/2012,0.553764465,1.494749677,-1.032974467,0.785961525,-2.182310587,0.672635336,,,,,,,,,,,,,,,,,,,,,
1/1/2013,0.626743918,1.5844976,-1.055266166,0.875834438,-2.027775811,0.778943214,,,,,,,,,,,,,,,,,,,,,
4/1/2013,0.494110235,1.541697345,-1.142465599,0.852502367,-1.789055337,0.64854457,,,,,,,,,,,,,,,,,,,,,
7/1/2013,0.596919387,1.589918337,-1.090845035,1.128493474,-2.030685754,0.769806348,,,,,,,,,,,,,,,,,,,,,
10/1/2013,0.661833056,1.630210084,-1.068702731,1.412871499,-2.080923165,0.853507242,,,,,,,,,,,,,,,,,,,,,
1/1/2014,0.416057852,1.498737269,-1.174914075,1.21780649,-1.773005943,0.586710726,,,,,,,,,,,,,,,,,,,,,
4/1/2014,0.646720263,1.639174123,-1.093331224,1.484336041,-2.13972221,0.855538465,,,,,,,,,,,,,,,,,,,,,
7/1/2014,0.719448738,1.731598533,-1.118715103,1.745542085,-2.197926395,0.959718072,,,,,,,,,,,,,,,,,,,,,
10/1/2014,0.605440623,1.71449847,-1.21457079,1.771155439,-1.912313298,0.852504472,,,,,,,,,,,,,,,,,,,,,
1/1/2015,0.587239796,1.784156757,-1.306716785,1.728736495,-1.734120562,0.860868606,,,,,,,,,,,,,,,,,,,,,
4/1/2015,0.684648748,1.771348968,-1.195711832,2.129871724,-1.82743471,0.952955003,,,,,,,,,,,,,,,,,,,,,
7/1/2015,0.606572655,1.766734392,-1.268889361,2.005785888,-1.68150482,0.879727171,,,,,,,,,,,,,,,,,,,,,
10/1/2015,0.505809236,1.74023596,-1.341523592,1.786998846,-1.535452685,0.777770298,,,,,,,,,,,,,,,,,,,,,
1/1/2016,0.605813055,1.763000079,-1.265684832,1.916019335,-1.689519659,0.880451096,,,,,,,,,,,,,,,,,,,,,
4/1/2016,0.641988292,1.735607839,-1.200431594,2.038346395,-1.816710279,0.90721157,,,,,,,,,,,,,,,,,,,,,
7/1/2016,0.658218104,1.792073072,-1.244141975,1.942572953,-1.923014552,0.940211644,,,,,,,,,,,,,,,,,,,,,
10/1/2016,0.60825026,1.812413484,-1.315702012,1.833973533,-1.915794412,0.900500817,,,,,,,,,,,,,,,,,,,,,
1/1/2017,0.629002983,1.807401623,-1.28962899,1.931317066,-1.732426147,0.916614704,,,,,,,,,,,,,,,,,,,,,
4/1/2017,0.564353584,1.836904544,-1.385596966,1.739669026,-1.200835974,0.865743065,,,,,,,,,,,,,,,,,,,,,
7/1/2017,0.57849667,1.893119845,-1.43112876,1.695896626,-0.878521598,0.895126146,,,,,,,,,,,,,,,,,,,,,
10/1/2017,0.738414251,1.976637049,-1.359868163,1.993946012,-1.089901001,1.074396551,,,,,,,,,,,,,,,,,,,,,
1/1/2018,0.868644183,1.992562597,-1.246543862,2.387016787,-1.151866289,1.202718656,,,,,,,,,,,,,,,,,,,,,
4/1/2018,0.836996784,1.999786143,-1.285859356,2.322539156,-1.035347247,1.174527066,,,,,,,,,,,,,,,,,,,,,
7/1/2018,0.749337336,2.050592732,-1.42745211,1.96530927,-0.777719026,1.104057152,,,,,,,,,,,,,,,,,,,,,
10/1/2018,0.709482955,2.000854971,-1.41450779,1.88211252,-0.463688909,1.048371621,,,,,,,,,,,,,,,,,,,,,
1/1/2019,0.710622816,2.05766776,-1.473677067,1.611496136,-0.042525153,1.063397426,,,,,,,,,,,,,,,,,,,,,
4/1/2019,0.780729456,2.123914341,-1.473893927,1.569812281,-0.003275674,1.147372725,,,,,,,,,,,,,,,,,,,,,
7/1/2019,0.87454443,2.23335028,-1.496249752,1.577415681,-0.356931149,1.26768557,,,,,,,,,,,,,,,,,,,,,
10/1/2019,0.852844655,2.251264508,-1.536966226,1.543048537,-0.764874652,1.249837778,,,,,,,,,,,,,,,,,,,,,
1/1/2020,0.932811907,2.300352273,-1.509107678,1.639964369,-1.251767717,1.256473822,,,,,,,,,,,,,,,,,,,,,
4/1/2020,0.90241956,2.2853476,-1.523571939,0.121705301,-1.802049559,1.225444176,,,,,,,,,,,,,,,,,,,,,
7/1/2020,0.987632588,2.342757482,-1.499301888,6.091775756,-2.246900829,1.293348917,,,,,,,,,,,,,,,,,,,,,
10/1/2020,0.960200188,2.324235487,-1.50707242,6.931870622,-2.323296162,1.272628679,,,,,,,,,,,,,,,,,,,,,
1/1/2021,1.045112162,2.349241711,-1.448705593,7.553490608,-2.843232668,1.395121255,,,,,,,,,,,,,,,,,,,,,
4/1/2021,1.076520618,2.275611092,-1.339135174,7.647340231,-4.55853104,1.437750508,,,,,,,,,,,,,,,,,,,,,
7/1/2021,1.05597086,2.286436653,-1.371176714,7.099904126,-4.978776843,1.409455586,,,,,,,,,,,,,,,,,,,,,
10/1/2021,1.233317636,2.4271442,-1.343196851,7.506976376,-6.042081562,1.669497932,,,,,,,,,,,,,,,,,,,,,
1/1/2022,1.062317277,2.275775277,-1.353512804,6.416188645,-6.505328467,1.402646372,,,,,,,,,,,,,,,,,,,,,
4/1/2022,0.915976237,2.19503811,-1.414147984,4.50921403,-5.432989494,1.185246334,,,,,,,,,,,,,,,,,,,,,
7/1/2022,0.987191513,2.260150334,-1.41205204,4.091998271,-4.157286391,1.275541281,,,,,,,,,,,,,,,,,,,,,
10/1/2022,0.952684434,2.255675549,-1.44180895,3.775454917,-2.503936441,1.23642335,,,,,,,,,,,,,,,,,,,,,
1/1/2023,0.881109546,2.269545322,-1.528107178,3.282664237,-1.224504504,1.172856217,,,,,,,,,,,,,,,,,,,,,
4/1/2023,0.716510753,2.306905803,-1.732365676,2.360998818,-0.344711244,1.036923177,,,,,,,,,,,,,,,,,,,,,
7/1/2023,0.584610817,2.469931641,-2.037324317,0.941738401,0.768280859,0.961995344,,,,,,,,,,,,,,,,,,,,,
10/1/2023,0.434367957,2.491345464,-2.21029884,0.298286894,1.657005646,0.842933254,,,,,,,,,,,,,,,,,,,,,
1/1/2024,0.475953268,2.3734492,-2.043561743,0.693406814,1.859816218,0.871494575,,,,,,,,,,,,,,,,,,,,,
4/1/2024,0.412348111,2.413447713,-2.149626985,0.022982394,2.188168541,0.835239216,,,,,,,,,,,,,,,,,,,,,
7/1/2024,0.350401775,2.437730775,-2.237350801,-0.507862844,2.224998473,0.773976505,,,,,,,,,,,,,,,,,,,,,
